id,prompt,answer,source_url
TRAIN-TAX-001,"Was regelt § 1 KStG zur unbeschraenkten und beschraenkten Steuerpflicht?","§ 1 KStG legt fest, dass nur Koerperschaften koerperschaftsteuerpflichtig sind. Unbeschraenkte Steuerpflicht besteht vor allem bei Sitz oder Geschaeftsleitung im Inland, waehrend sich die beschraenkte Steuerpflicht auf inlaendische Anknuepfungspunkte beschraenkt.","https://www.ris.bka.gv.at/NormDokument.wxe?Abfrage=Bundesnormen&Gesetzesnummer=10004569&Paragraf=1"
TRAIN-TAX-002,"Wann liegt nach § 2 KStG ein Betrieb gewerblicher Art einer Koerperschaft des oeffentlichen Rechts vor?","§ 2 KStG erfasst wirtschaftlich selbstaendige Einrichtungen einer Koerperschaft des oeffentlichen Rechts, die nachhaltig privatwirtschaftlich taetig sind und wirtschaftliches Gewicht haben. Entscheidend ist nicht die Rechtsform, sondern die tatsaechliche unternehmerische Betaetigung.","https://www.ris.bka.gv.at/NormDokument.wxe?Abfrage=Bundesnormen&Gesetzesnummer=10004569&Paragraf=2"
TRAIN-TAX-003,"Wann beginnt und endet die Steuerpflicht nach § 4 KStG?","§ 4 KStG knuepft den Beginn der Steuerpflicht bei typischen Kapitalgesellschaften an die feststehende Rechtsgrundlage und das erste Auftreten nach aussen. Das Ende richtet sich danach, wann die Koerperschaft rechtlich und wirtschaftlich nicht mehr als Steuersubjekt besteht.","https://www.ris.bka.gv.at/NormDokument.wxe?Abfrage=Bundesnormen&Gesetzesnummer=10004569&Paragraf=4"
TRAIN-TAX-004,"Welche Grundidee steckt hinter den Befreiungen in § 5 KStG?","§ 5 KStG nennt bestimmte Koerperschaften, die von der unbeschraenkten Koerperschaftsteuerpflicht ausgenommen sind. Die Befreiung greift aber nur innerhalb der gesetzlich vorgesehenen Grenzen und ersetzt keine allgemeine Steuerfreiheit fuer jede Taetigkeit dieser Rechtstraeger.","https://www.ris.bka.gv.at/NormDokument.wxe?Abfrage=Bundesnormen&Gesetzesnummer=10004569&Paragraf=5"
TRAIN-TAX-005,"Unter welchen Voraussetzungen sind Pensionskassen nach § 6 KStG steuerbefreit?","§ 6 KStG sieht fuer Pensionskassen, Unterstuetzungskassen und bestimmte Vorsorgeeinrichtungen eine Befreiung vor, soweit die gesetzlichen Voraussetzungen fuer die beguenstigte Vorsorge eingehalten werden. Die Steuerfreiheit ist damit an die Funktion dieser Einrichtungen und an die gesetzliche Ausgestaltung der Zusagen gebunden.","https://www.ris.bka.gv.at/NormDokument.wxe?Abfrage=Bundesnormen&Gesetzesnummer=10004569&Paragraf=6"
TRAIN-TAX-006,"Wann werden gemeinnuetzige Bauvereinigungen nach § 6a KStG unbeschraenkt steuerpflichtig?","Nach § 6a KStG fuehrt eine Taetigkeit ausserhalb des wohnungsgemeinnuetzigen Kernbereichs dazu, dass die Bauvereinigung ab dem betroffenen Wirtschaftsjahr unbeschraenkt steuerpflichtig wird. Schon konkrete Vorbereitungshandlungen fuer solche Geschaefte koennen dafuer genuegen.","https://www.ris.bka.gv.at/NormDokument.wxe?Abfrage=Bundesnormen&Gesetzesnummer=10004569&Paragraf=6a"
TRAIN-TAX-007,"Wie behandelt § 6b KStG Wertaenderungen bei Mittelstandsfinanzierungsgesellschaften?","§ 6b KStG entlastet den beguenstigten Finanzierungsbereich, indem bestimmte Veraeusserungsgewinne, Verluste und Wertaenderungen aus Beteiligungen bei Vorliegen der gesetzlichen Voraussetzungen ausser Ansatz bleiben. Die Vorschrift ist aber an ein enges Regelungsmodell fuer Mittelstandsfinanzierung geknuepft.","https://www.ris.bka.gv.at/NormDokument.wxe?Abfrage=Bundesnormen&Gesetzesnummer=10004569&Paragraf=6b"
TRAIN-TAX-008,"Was ist nach § 7 KStG die Grundlage der Koerperschaftsteuer?","§ 7 KStG stellt auf das Einkommen des unbeschraenkt Steuerpflichtigen ab. Das Einkommen wird aus den Einkunftsarten des Einkommensteuerrechts abgeleitet, mit Verlustausgleich und unter Beruecksichtigung der koerperschaftsteuerlichen Sonderregeln.","https://www.ris.bka.gv.at/NormDokument.wxe?Abfrage=Bundesnormen&Gesetzesnummer=10004569&Paragraf=7"
TRAIN-TAX-009,"Wie behandelt § 8 KStG Einlagen, Entnahmen und Einkommensverwendung?","§ 8 KStG trennt grundsaetzlich zwischen der Vermoegenssphaere der Gesellschafter und der Einkommensermittlung der Koerperschaft. Einlagen sollen das Einkommen nicht erhoehen, waehrend Einkommensverwendung und bestimmte Vorteilszuwendungen nicht als frei abzugsfaehiger Aufwand behandelt werden.","https://www.ris.bka.gv.at/NormDokument.wxe?Abfrage=Bundesnormen&Gesetzesnummer=10004569&Paragraf=8"
TRAIN-TAX-010,"Was ist eine Unternehmensgruppe im Sinn des § 9 KStG?","§ 9 KStG erlaubt finanziell verbundenen Koerperschaften die Bildung einer steuerlichen Unternehmensgruppe. Das Ergebnis von Gruppenmitgliedern wird dabei nach den gesetzlichen Zurechnungsregeln dem Gruppentraeger oder beteiligten Gruppenmitglied zugerechnet.","https://www.ris.bka.gv.at/NormDokument.wxe?Abfrage=Bundesnormen&Gesetzesnummer=10004569&Paragraf=9"
TRAIN-TAX-011,"Welche Beteiligungsertraege sind nach § 10 KStG beguenstigt?","§ 10 KStG befreit bestimmte Beteiligungsertraege von der Koerperschaftsteuer. Dazu gehoeren vor allem definierte Gewinnanteile und vergleichbare Ertraege aus Beteiligungen sowie unter weiteren Voraussetzungen internationale Schachtelbeteiligungen.","https://www.ris.bka.gv.at/NormDokument.wxe?Abfrage=Bundesnormen&Gesetzesnummer=10004569&Paragraf=10"
TRAIN-TAX-012,"Was regelt § 10a KStG zur Hinzurechnungsbesteuerung?","§ 10a KStG erfasst Passiveinkuenfte niedrigbesteuerter auslaendischer Koerperschaften. Unter den gesetzlichen Voraussetzungen werden diese Einkuenfte einer beherrschenden inlaendischen Koerperschaft zugerechnet, um reine Verlagerung in Niedrigsteuergebiete zu begrenzen.","https://www.ris.bka.gv.at/NormDokument.wxe?Abfrage=Bundesnormen&Gesetzesnummer=10004569&Paragraf=10a"
TRAIN-TAX-013,"Welche Funktion hat § 11 KStG bei abzugsfaehigen Aufwendungen?","§ 11 KStG erklaert bestimmte Aufwendungen ausdruecklich zu Betriebsausgaben, auch wenn sich die Abzugsfaehigkeit nicht schon unmittelbar aus dem Einkommensteuerrecht ergibt. Die Norm wirkt damit als spezielle koerperschaftsteuerliche Ergaenzung zur allgemeinen Gewinnermittlung.","https://www.ris.bka.gv.at/NormDokument.wxe?Abfrage=Bundesnormen&Gesetzesnummer=10004569&Paragraf=11"
TRAIN-TAX-014,"Welche Grundidee verfolgt § 12 KStG bei nichtabzugsfaehigen Aufwendungen?","§ 12 KStG schliesst bestimmte Aufwendungen vom steuerlichen Abzug aus. Betroffen sind insbesondere Ausgaben, die nach dem Zweck der Norm nicht die steuerliche Bemessungsgrundlage mindern sollen, etwa weil sie der Einkommensverwendung oder besonderen Ausschlusstatbestaenden zuzuordnen sind.","https://www.ris.bka.gv.at/NormDokument.wxe?Abfrage=Bundesnormen&Gesetzesnummer=10004569&Paragraf=12"
TRAIN-TAX-015,"Wie wirkt die Zinsschranke nach § 12a KStG?","§ 12a KStG beschraenkt den Abzug eines Zinsueberhangs grundsaetzlich auf 30 Prozent des steuerlichen EBITDA. Gleichzeitig enthaelt die Vorschrift einen Freibetrag, damit kleinere Finanzierungsueberhaenge nicht sofort von der Beschraenkung erfasst werden.","https://www.ris.bka.gv.at/NormDokument.wxe?Abfrage=Bundesnormen&Gesetzesnummer=10004569&Paragraf=12a"
TRAIN-TAX-016,"Welche Sonderregeln gelten nach § 13 KStG fuer Privatstiftungen?","§ 13 KStG enthaelt besondere Vorschriften fuer die Einkommensermittlung von Privatstiftungen. Die Anwendung der Beguenstigungen haengt dabei insbesondere von den gesetzlich verlangten Offenlegungen und den speziellen Zurechnungs- und Besteuerungsregeln fuer diese Rechtsform ab.","https://www.ris.bka.gv.at/NormDokument.wxe?Abfrage=Bundesnormen&Gesetzesnummer=10004569&Paragraf=13"
TRAIN-TAX-017,"Wozu dienen die Vorschriften fuer hybride Gestaltungen in § 14 KStG?","§ 14 KStG soll Steuerdiskrepanzen aus hybriden Gestaltungen neutralisieren. Die Regel verhindert also, dass Unterschiede zwischen zwei Steuersystemen doppelte Abzuege oder unversteuerte Einkuenfte ermoeglichen.","https://www.ris.bka.gv.at/NormDokument.wxe?Abfrage=Bundesnormen&Gesetzesnummer=10004569&Paragraf=14"
TRAIN-TAX-018,"Worauf erstreckt sich die Besteuerung bei beschraenkter Steuerpflicht nach § 21 KStG?","§ 21 KStG begrenzt die Besteuerung beschraenkt steuerpflichtiger Koerperschaften auf die gesetzlich erfassten inlaendischen Einkuenfte. Wie diese Einkuenfte zu ermitteln sind, richtet sich nach den jeweiligen Spezialregeln des Einkommen- und Koerperschaftsteuerrechts.","https://www.ris.bka.gv.at/NormDokument.wxe?Abfrage=Bundesnormen&Gesetzesnummer=10004569&Paragraf=21"
TRAIN-TAX-019,"Wie hoch ist der Koerperschaftsteuersatz nach § 22 KStG?","§ 22 KStG regelt den Tarif der Koerperschaftsteuer. Fuer die aktuellen Kalenderjahre sieht die Vorschrift fuer das Einkommen beziehungsweise den Gesamtbetrag der Einkuenfte beschraenkt Steuerpflichtiger einen gesetzlich festgelegten Prozentsatz vor.","https://www.ris.bka.gv.at/NormDokument.wxe?Abfrage=Bundesnormen&Gesetzesnummer=10004569&Paragraf=22"
TRAIN-TAX-020,"Wann gibt es nach § 23 KStG einen Freibetrag fuer beguenstigte Zwecke?","§ 23 KStG gewaehrt bestimmten koerperschaftsteuerlich beguenstigten Einrichtungen einen begrenzten Freibetrag bei der Einkommensermittlung. Die Entlastung ist der Hoehe nach gedeckelt und an den beguenstigten Status des Steuerpflichtigen gebunden.","https://www.ris.bka.gv.at/NormDokument.wxe?Abfrage=Bundesnormen&Gesetzesnummer=10004569&Paragraf=23"
TRAIN-TAX-021,"Wie erfolgt die Veranlagung nach § 24 KStG?","§ 24 KStG ordnet an, dass die Koerperschaftsteuer nach Ablauf des Kalenderjahres fuer den Veranlagungszeitraum festgesetzt wird. Grundlage ist das im Jahr bezogene Einkommen beziehungsweise bei beschraenkt Steuerpflichtigen der massgebliche Gesamtbetrag der Einkuenfte.","https://www.ris.bka.gv.at/NormDokument.wxe?Abfrage=Bundesnormen&Gesetzesnummer=10004569&Paragraf=24"
TRAIN-TAX-022,"Was regelt § 24a KStG fuer Unternehmensgruppen im Feststellungsverfahren?","§ 24a KStG sieht fuer Unternehmensgruppen besondere Feststellungsbescheide vor. Dadurch werden die Ergebnisse der Gruppenmitglieder verfahrensrechtlich geordnet festgestellt, bevor sie der Gruppe steuerlich zugerechnet werden.","https://www.ris.bka.gv.at/NormDokument.wxe?Abfrage=Bundesnormen&Gesetzesnummer=10004569&Paragraf=24a"
TRAIN-TAX-023,"Welche Bedeutung hat § 25 KStG fuer Verweise auf andere Bundesgesetze?","§ 25 KStG stellt klar, dass gesetzliche Verweise grundsaetzlich dynamisch zu verstehen sind. Wird also auf andere Bundesgesetze verwiesen, ist regelmaessig deren jeweils geltende Fassung massgebend.","https://www.ris.bka.gv.at/NormDokument.wxe?Abfrage=Bundesnormen&Gesetzesnummer=10004569&Paragraf=25"
TRAIN-TAX-024,"Was regeln die Uebergangs- und Schlussvorschriften in § 26 KStG?","§ 26 KStG ordnet insbesondere das Inkrafttreten des Gesetzes und den Uebergang vom frueheren Recht. Solche Vorschriften sind wichtig, um festzulegen, ab welchem Veranlagungszeitraum die neuen Regeln gelten.","https://www.ris.bka.gv.at/NormDokument.wxe?Abfrage=Bundesnormen&Gesetzesnummer=10004569&Paragraf=26"
TRAIN-TAX-025,"Wer ist nach § 27 KStG fuer die Vollziehung zustaendig?","§ 27 KStG enthaelt die Vollziehungsklausel. Danach ist fuer die Vollziehung des Koerperschaftsteuergesetzes der Bundesminister fuer Finanzen zustaendig.","https://www.ris.bka.gv.at/NormDokument.wxe?Abfrage=Bundesnormen&Gesetzesnummer=10004569&Paragraf=27"
TRAIN-TAX-026,"Wer ist nach § 1 EStG einkommensteuerpflichtig?","§ 1 EStG bestimmt, dass nur natuerliche Personen einkommensteuerpflichtig sind. Unbeschraenkte Steuerpflicht knuepft an Wohnsitz oder gewoehnlichen Aufenthalt im Inland an und erfasst dann grundsaetzlich das Welteinkommen.","https://www.ris.bka.gv.at/NormDokument.wxe?Abfrage=Bundesnormen&Gesetzesnummer=10004570&Paragraf=1"
TRAIN-TAX-027,"Wie definiert § 2 EStG das steuerpflichtige Einkommen?","§ 2 EStG stellt auf das innerhalb eines Kalenderjahres bezogene Einkommen ab. Dieses ergibt sich aus dem Gesamtbetrag der Einkuenfte nach Verlustausgleich und nach Abzug der gesetzlich vorgesehenen Sonderausgaben und aussergewoehnlichen Belastungen.","https://www.ris.bka.gv.at/NormDokument.wxe?Abfrage=Bundesnormen&Gesetzesnummer=10004570&Paragraf=2"
TRAIN-TAX-028,"Welche Funktion haben die Steuerbefreiungen des § 3 EStG?","§ 3 EStG nimmt bestimmte Einnahmen ausdruecklich aus der Einkommensteuer heraus. Die Vorschrift ist abschliessend fuer die dort genannten Tatbestaende und muss eng nach ihrem Wortlaut angewendet werden.","https://www.ris.bka.gv.at/NormDokument.wxe?Abfrage=Bundesnormen&Gesetzesnummer=10004570&Paragraf=3"
TRAIN-TAX-029,"Wie wird der Gewinn nach § 4 EStG ermittelt?","§ 4 EStG knuepft bei der Gewinnermittlung im Grundsatz an den Unterschied zwischen dem Betriebsvermoegen am Schluss zweier Wirtschaftsjahre an. Entnahmen und Einlagen werden dabei gesondert behandelt und veraendern nicht einfach den steuerlichen Gewinnbegriff.","https://www.ris.bka.gv.at/NormDokument.wxe?Abfrage=Bundesnormen&Gesetzesnummer=10004570&Paragraf=4"
TRAIN-TAX-030,"Wann sind betriebliche Spenden nach § 4a EStG beguenstigt?","§ 4a EStG laesst betriebliche Spenden nur an bestimmte beguenstigte Zwecke und Einrichtungen zum Abzug zu. Die Beguenstigung greift also nicht fuer jede Zuwendung, sondern nur innerhalb des gesetzlich geregelten Spendenregimes.","https://www.ris.bka.gv.at/NormDokument.wxe?Abfrage=Bundesnormen&Gesetzesnummer=10004570&Paragraf=4a"
TRAIN-TAX-031,"Welche Bedeutung hat § 5 EStG fuer rechnungslegungspflichtige Gewerbetreibende?","§ 5 EStG verweist fuer rechnungslegungspflichtige Gewerbetreibende grundsaetzlich auf die unternehmensrechtlichen Grundsaetze ordnungsmaessiger Buchfuehrung. Steuerliche Sondervorschriften gehen aber weiterhin vor, wenn das Steuerrecht etwas anderes anordnet.","https://www.ris.bka.gv.at/NormDokument.wxe?Abfrage=Bundesnormen&Gesetzesnummer=10004570&Paragraf=5"
TRAIN-TAX-032,"Welche Grundidee enthaelt § 6 EStG zur Bewertung?","§ 6 EStG legt zentrale Bewertungsregeln fuer Wirtschaftsgueter des Betriebsvermoegens fest. Je nach Art des Wirtschaftsgutes sind insbesondere Anschaffungs- oder Herstellungskosten, Absetzungen fuer Abnutzung und in bestimmten Faellen ein niedrigerer Teilwert massgeblich.","https://www.ris.bka.gv.at/NormDokument.wxe?Abfrage=Bundesnormen&Gesetzesnummer=10004570&Paragraf=6"
TRAIN-TAX-033,"Was sind Einnahmen im Sinn des § 15 EStG?","§ 15 EStG erklaert bei den Ueberschusseinkuenften Geld und geldwerte Vorteile zu Einnahmen, sobald sie dem Steuerpflichtigen zufliessen. Nicht jede Veraeusserung fuehrt automatisch zu einer Einnahme; dafuer braucht es eine ausdrueckliche gesetzliche Grundlage.","https://www.ris.bka.gv.at/NormDokument.wxe?Abfrage=Bundesnormen&Gesetzesnummer=10004570&Paragraf=15"
TRAIN-TAX-034,"Was sind Werbungskosten nach § 16 EStG?","§ 16 EStG definiert Werbungskosten als Aufwendungen oder Ausgaben zur Erwerbung, Sicherung oder Erhaltung der Einnahmen. Sie sind grundsaetzlich bei jener Einkunftsart abzuziehen, bei der sie wirtschaftlich anfallen.","https://www.ris.bka.gv.at/NormDokument.wxe?Abfrage=Bundesnormen&Gesetzesnummer=10004570&Paragraf=16"
TRAIN-TAX-035,"Wann koennen Durchschnittssaetze nach § 17 EStG verwendet werden?","§ 17 EStG erlaubt bestimmten Steuerpflichtigen mit Einkuenften aus selbstaendiger Arbeit oder Gewerbebetrieb die pauschale Ermittlung von Betriebsausgaben. Voraussetzung ist insbesondere, dass die Gewinnermittlung ueber die Einnahmen-Ausgaben-Rechnung erfolgt und die gesetzlichen Grenzen eingehalten werden.","https://www.ris.bka.gv.at/NormDokument.wxe?Abfrage=Bundesnormen&Gesetzesnummer=10004570&Paragraf=17"
TRAIN-TAX-036,"Was versteht § 18 EStG unter Sonderausgaben?","§ 18 EStG nennt bestimmte private Ausgaben, die bei der Ermittlung des Einkommens ausnahmsweise abzugsfaehig sind, obwohl sie keine Betriebsausgaben oder Werbungskosten sind. Der Abzug ist aber auf die im Gesetz genannten Fallgruppen beschraenkt.","https://www.ris.bka.gv.at/NormDokument.wxe?Abfrage=Bundesnormen&Gesetzesnummer=10004570&Paragraf=18"
TRAIN-TAX-037,"Wann gelten Einnahmen und Ausgaben nach § 19 EStG als steuerlich zugeordnet?","§ 19 EStG arbeitet grundsaetzlich mit dem Zufluss- und Abflussprinzip. Regelmaessig wiederkehrende Zahlungen und einzelne gesetzlich geregelte Sonderfaelle koennen aber einem anderen Kalenderjahr zugerechnet werden.","https://www.ris.bka.gv.at/NormDokument.wxe?Abfrage=Bundesnormen&Gesetzesnummer=10004570&Paragraf=19"
TRAIN-TAX-038,"Welche Ausgaben duerfen nach § 20 EStG grundsaetzlich nicht abgezogen werden?","§ 20 EStG schliesst insbesondere Aufwendungen fuer den Haushalt, den Unterhalt der Familie und typische Kosten der privaten Lebensfuehrung vom Abzug aus. Das gilt auch dann, wenn solche Ausgaben zugleich den Beruf oder die gesellschaftliche Stellung beruehren.","https://www.ris.bka.gv.at/NormDokument.wxe?Abfrage=Bundesnormen&Gesetzesnummer=10004570&Paragraf=20"
TRAIN-TAX-039,"Was zaehlt nach § 21 EStG zu Einkuenften aus Land- und Forstwirtschaft?","§ 21 EStG erfasst die typischen Ertraege aus Land- und Forstwirtschaft, Weinbau, Gartenbau und vergleichbaren naturnahen Betriebsformen. Die Einkunftsart richtet sich nach der Art des Betriebes und nicht nur nach einzelnen Produkten oder Erlosquellen.","https://www.ris.bka.gv.at/NormDokument.wxe?Abfrage=Bundesnormen&Gesetzesnummer=10004570&Paragraf=21"
TRAIN-TAX-040,"Wann liegen nach § 22 EStG Einkuenfte aus selbstaendiger Arbeit vor?","§ 22 EStG ordnet insbesondere freiberufliche und bestimmte sonstige persoenliche Leistungen der selbstaendigen Arbeit zu. Typisch ist dabei, dass die Taetigkeit eigenverantwortlich und nicht als Gewerbebetrieb oder Dienstverhaeltnis ausgeuebt wird.","https://www.ris.bka.gv.at/NormDokument.wxe?Abfrage=Bundesnormen&Gesetzesnummer=10004570&Paragraf=22"
TRAIN-TAX-041,"Wann sind Einkuenfte nach § 23 EStG gewerbliche Einkuenfte?","§ 23 EStG setzt fuer gewerbliche Einkuenfte eine selbstaendige, nachhaltige Taetigkeit mit Gewinnerzielungsabsicht und Beteiligung am allgemeinen wirtschaftlichen Verkehr voraus. Die Taetigkeit darf dabei weder Land- und Forstwirtschaft noch selbstaendige Arbeit sein.","https://www.ris.bka.gv.at/NormDokument.wxe?Abfrage=Bundesnormen&Gesetzesnummer=10004570&Paragraf=23"
TRAIN-TAX-042,"Was sind Veraeusserungsgewinne im Sinn des § 24 EStG?","§ 24 EStG betrifft Gewinne aus der Veraeusserung oder Aufgabe eines ganzen Betriebes, Teilbetriebes oder eines Mitunternehmeranteils. Steuerlich massgeblich ist dabei die Differenz zwischen Veraeusserungserloes und dem steuerlichen Wert des uebertragenen Vermoegens.","https://www.ris.bka.gv.at/NormDokument.wxe?Abfrage=Bundesnormen&Gesetzesnummer=10004570&Paragraf=24"
TRAIN-TAX-043,"Was gehoert nach § 25 EStG zu Einkuenften aus nichtselbstaendiger Arbeit?","§ 25 EStG erfasst Bezuege und Vorteile aus einem bestehenden oder frueheren Dienstverhaeltnis. Dazu zaehlen nicht nur laufende Geldzahlungen, sondern auch viele geldwerte Vorteile, die ihre Ursache im Arbeitsverhaeltnis haben.","https://www.ris.bka.gv.at/NormDokument.wxe?Abfrage=Bundesnormen&Gesetzesnummer=10004570&Paragraf=25"
TRAIN-TAX-044,"Welche Arbeitgeberleistungen zaehlen nach § 26 EStG nicht zum Arbeitslohn?","§ 26 EStG nennt einzelne Leistungen des Arbeitgebers, die trotz Zusammenhang mit dem Dienstverhaeltnis nicht als steuerpflichtiger Arbeitslohn gelten. Dazu gehoeren etwa typische Berufskleidung oder bestimmte durchlaufende Gelder und Aufwandsersatzleistungen.","https://www.ris.bka.gv.at/NormDokument.wxe?Abfrage=Bundesnormen&Gesetzesnummer=10004570&Paragraf=26"
TRAIN-TAX-045,"Was umfasst § 27 EStG bei den Einkuenften aus Kapitalvermoegen?","§ 27 EStG erfasst Ertraege aus der Ueberlassung von Kapital sowie realisierte Wertsteigerungen, Derivate und inzwischen auch gesetzlich erfasste Kryptoertraege. Die Einkunftsart greift aber nur, soweit die Betraege nicht schon anderen betrieblichen Einkunftsarten zugeordnet sind.","https://www.ris.bka.gv.at/NormDokument.wxe?Abfrage=Bundesnormen&Gesetzesnummer=10004570&Paragraf=27"
TRAIN-TAX-046,"Was regelt § 27a EStG zum besonderen Steuersatz fuer Kapitalvermoegen?","§ 27a EStG sieht fuer bestimmte Einkuenfte aus Kapitalvermoegen einen besonderen Steuersatz vor. Gleichzeitig legt die Norm fest, welche Bemessungsgrundlage fuer diese gesonderte Besteuerung heranzuziehen ist.","https://www.ris.bka.gv.at/NormDokument.wxe?Abfrage=Bundesnormen&Gesetzesnummer=10004570&Paragraf=27a"
TRAIN-TAX-047,"Was faellt nach § 28 EStG unter Vermietung und Verpachtung?","§ 28 EStG umfasst insbesondere Einkuenfte aus der Ueberlassung von unbeweglichem Vermoegen und bestimmten damit verbundenen Rechten. Die Vorschrift greift nur, wenn die Einkuenfte nicht schon einer anderen Einkunftsart zuzuordnen sind.","https://www.ris.bka.gv.at/NormDokument.wxe?Abfrage=Bundesnormen&Gesetzesnummer=10004570&Paragraf=28"
TRAIN-TAX-048,"Was sind sonstige Einkuenfte nach § 29 EStG?","§ 29 EStG ist eine Auffangnorm fuer einzelne, im Gesetz speziell genannte Einnahmen, die nicht unter die anderen Einkunftsarten fallen. Dazu gehoeren etwa bestimmte wiederkehrende Bezuege oder weitere gesetzlich angefuehrte Sondertatbestaende.","https://www.ris.bka.gv.at/NormDokument.wxe?Abfrage=Bundesnormen&Gesetzesnummer=10004570&Paragraf=29"
TRAIN-TAX-049,"Wann liegt nach § 30 EStG eine private Grundstuecksveraeusserung vor?","§ 30 EStG betrifft Veraeusserungen von Grundstuecken, die nicht zum Betriebsvermoegen gehoeren. Der Grundstuecksbegriff umfasst dabei nicht nur Grund und Boden, sondern auch Gebaeude und bestimmte grundstuecksgleiche Rechte.","https://www.ris.bka.gv.at/NormDokument.wxe?Abfrage=Bundesnormen&Gesetzesnummer=10004570&Paragraf=30"
TRAIN-TAX-050,"Wie wirkt § 30a EStG bei Einkuenften aus Grundstuecksveraeusserungen?","§ 30a EStG ordnet fuer Einkuenfte aus privaten Grundstuecksveraeusserungen grundsaetzlich einen besonderen Steuersatz an. Zugleich bleibt unter den gesetzlichen Voraussetzungen die Moeglichkeit einer Regelbesteuerung erhalten.","https://www.ris.bka.gv.at/NormDokument.wxe?Abfrage=Bundesnormen&Gesetzesnummer=10004570&Paragraf=30a"
TRAIN-TAX-051,"Was regelt § 33 EStG beim Einkommensteuertarif?","§ 33 EStG enthaelt die Tarifstufen der Einkommensteuer und wichtige Steuerabsetzbetrage. Die Steuerbelastung steigt dabei grundsaetzlich progressiv mit der Hoehe des zu versteuernden Einkommens.","https://www.ris.bka.gv.at/NormDokument.wxe?Abfrage=Bundesnormen&Gesetzesnummer=10004570&Paragraf=33"
TRAIN-TAX-052,"Wann ist eine aussergewoehnliche Belastung nach § 34 EStG abzugsfaehig?","§ 34 EStG verlangt, dass die Belastung aussergewoehnlich, zwangslaeufig und wirtschaftlich wesentlich ist. Erst wenn diese Voraussetzungen erfuellt sind, kann sie bei der Einkommensermittlung steuermindernd beruecksichtigt werden.","https://www.ris.bka.gv.at/NormDokument.wxe?Abfrage=Bundesnormen&Gesetzesnummer=10004570&Paragraf=34"
TRAIN-TAX-053,"Welche Entlastung bietet § 35 EStG bei Behinderung?","§ 35 EStG sieht fuer bestimmte behinderungsbedingte Belastungen Freibetraege beziehungsweise pauschale Entlastungen vor. Die Vorschrift soll typische Mehraufwendungen aufgrund einer Behinderung steuerlich abfedern.","https://www.ris.bka.gv.at/NormDokument.wxe?Abfrage=Bundesnormen&Gesetzesnummer=10004570&Paragraf=35"
TRAIN-TAX-054,"Wann kommt eine Progressionsermaessigung nach § 37 EStG in Betracht?","§ 37 EStG beguenstigt bestimmte ausserordentliche Einkuenfte und Sondergewinne durch eine ermaessigte Besteuerung. Die Vorschrift soll verhindern, dass einmalige oder atypische Ertraege uebermaessig von der Tarifprogression getroffen werden.","https://www.ris.bka.gv.at/NormDokument.wxe?Abfrage=Bundesnormen&Gesetzesnummer=10004570&Paragraf=37"
TRAIN-TAX-055,"Wann ist nach § 41 EStG eine Veranlagung trotz Lohnsteuerabzug erforderlich?","§ 41 EStG ordnet in bestimmten Faellen eine Veranlagung von lohnsteuerpflichtigen Einkuenften an, etwa bei weiteren Einkuenften oder gleichzeitig mehreren Arbeitsverhaeltnissen. Der vorherige Lohnsteuerabzug ersetzt dann nicht abschliessend die Jahresveranlagung.","https://www.ris.bka.gv.at/NormDokument.wxe?Abfrage=Bundesnormen&Gesetzesnummer=10004570&Paragraf=41"
TRAIN-TAX-056,"Welche Umsaetze sind nach § 1 UStG steuerbar?","§ 1 UStG nennt als Grundtatbestaende vor allem entgeltliche Lieferungen und sonstige Leistungen eines Unternehmers im Inland, den Eigenverbrauch und die Einfuhr. Ob ein Vorgang umsatzsteuerbar ist, wird also zuerst anhand dieser gesetzlichen Tatbestaende geprueft.","https://www.ris.bka.gv.at/NormDokument.wxe?Abfrage=Bundesnormen&Gesetzesnummer=10004873&Paragraf=1"
TRAIN-TAX-057,"Wer ist Unternehmer im Sinn des § 2 UStG?","§ 2 UStG sieht als Unternehmer an, wer eine gewerbliche oder berufliche Taetigkeit selbstaendig und nachhaltig ausuebt. Auf eine Gewinnerzielungsabsicht kommt es fuer die Unternehmereigenschaft nicht zwingend an.","https://www.ris.bka.gv.at/NormDokument.wxe?Abfrage=Bundesnormen&Gesetzesnummer=10004873&Paragraf=2"
TRAIN-TAX-058,"Was ist eine Lieferung nach § 3 UStG?","§ 3 UStG versteht unter einer Lieferung die Verschaffung der Verfuegungsmacht an einem Gegenstand. Auch bestimmte Entnahmen aus dem Unternehmen werden umsatzsteuerlich einer Lieferung gegen Entgelt gleichgestellt.","https://www.ris.bka.gv.at/NormDokument.wxe?Abfrage=Bundesnormen&Gesetzesnummer=10004873&Paragraf=3"
TRAIN-TAX-059,"Was ist eine sonstige Leistung nach § 3a UStG?","§ 3a UStG erfasst alle Leistungen, die keine Lieferung sind. Dazu koennen auch Unterlassungen oder das Dulden eines Zustands gehoeren, wenn der Vorgang wirtschaftlich als Leistung zu behandeln ist.","https://www.ris.bka.gv.at/NormDokument.wxe?Abfrage=Bundesnormen&Gesetzesnummer=10004873&Paragraf=3a"
TRAIN-TAX-060,"Wie wird die Bemessungsgrundlage nach § 4 UStG bestimmt?","§ 4 UStG stellt fuer entgeltliche Leistungen grundsaetzlich auf das Entgelt ab, das der Leistungsempfaenger aufwendet. Damit ist die Umsatzsteuer typischerweise an den wirtschaftlichen Wert der Gegenleistung gekoppelt.","https://www.ris.bka.gv.at/NormDokument.wxe?Abfrage=Bundesnormen&Gesetzesnummer=10004873&Paragraf=4"
TRAIN-TAX-061,"Welche Rolle spielen die Steuerbefreiungen in § 6 UStG?","§ 6 UStG nimmt bestimmte Umsaetze von der Umsatzsteuer aus. Je nach Befreiung kann die Steuerfreiheit mit oder ohne Vorsteuerabzug wirken, was fuer die wirtschaftlichen Folgen sehr wichtig ist.","https://www.ris.bka.gv.at/NormDokument.wxe?Abfrage=Bundesnormen&Gesetzesnummer=10004873&Paragraf=6"
TRAIN-TAX-062,"Welche Steuersaetze nennt § 10 UStG?","§ 10 UStG sieht als Regelsteuersatz 20 Prozent vor und ordnet fuer bestimmte gesetzlich genannte Umsaetze ermaessigte Steuersaetze an. Welche Rate gilt, haengt daher von der Art der Leistung und vom konkreten Beguenstigungstatbestand ab.","https://www.ris.bka.gv.at/NormDokument.wxe?Abfrage=Bundesnormen&Gesetzesnummer=10004873&Paragraf=10"
TRAIN-TAX-063,"Wann ist nach § 11 UStG eine Rechnung auszustellen?","§ 11 UStG regelt, wann ein Unternehmer Rechnungen ausstellen darf oder muss und welche Pflichtangaben eine ordnungsgemaesse Rechnung enthalten soll. Vor allem bei Leistungen an andere Unternehmer besteht haeufig eine Ausstellungspflicht.","https://www.ris.bka.gv.at/NormDokument.wxe?Abfrage=Bundesnormen&Gesetzesnummer=10004873&Paragraf=11"
TRAIN-TAX-064,"Wann ist ein Vorsteuerabzug nach § 12 UStG moeglich?","§ 12 UStG erlaubt dem Unternehmer den Abzug bestimmter in Rechnung gestellter oder gesetzlich entstandener Umsatzsteuer, soweit die Leistungen fuer sein Unternehmen bezogen wurden. Der Vorsteuerabzug ist aber an formelle und materielle Voraussetzungen gebunden.","https://www.ris.bka.gv.at/NormDokument.wxe?Abfrage=Bundesnormen&Gesetzesnummer=10004873&Paragraf=12"
TRAIN-TAX-065,"Wie funktioniert der Vorsteuerabzug bei Reisekosten nach § 13 UStG?","§ 13 UStG enthaelt Sonderregeln fuer den Vorsteuerabzug bei betrieblich veranlassten Reisen. Vor allem bei Verpflegungsmehraufwand und Naechtigungskosten knuepft die Vorschrift an pauschalierte oder speziell geregelte Werte an.","https://www.ris.bka.gv.at/NormDokument.wxe?Abfrage=Bundesnormen&Gesetzesnummer=10004873&Paragraf=13"
TRAIN-TAX-066,"Wann koennen Vorsteuerbetraege nach § 14 UStG pauschal ermittelt werden?","§ 14 UStG erlaubt in bestimmten Fallgruppen die Ermittlung des Vorsteuerabzugs nach Durchschnittssaetzen. Das ist eine Vereinfachung fuer Unternehmer, die die gesetzlichen Voraussetzungen fuer diese Pauschalierung erfuellen.","https://www.ris.bka.gv.at/NormDokument.wxe?Abfrage=Bundesnormen&Gesetzesnummer=10004873&Paragraf=14"
TRAIN-TAX-067,"Wozu dienen die Erleichterungen des § 15 UStG bei der Vorsteueraufteilung?","§ 15 UStG enthaelt Sonderregeln, damit bestimmte steuerfreie Umsaetze die Vorsteueraufteilung nicht unnoetig verkomplizieren. Die Norm wirkt also vor allem als technische Erleichterung bei gemischt verwendeten Eingangsleistungen.","https://www.ris.bka.gv.at/NormDokument.wxe?Abfrage=Bundesnormen&Gesetzesnummer=10004873&Paragraf=15"
TRAIN-TAX-068,"Was passiert nach § 16 UStG bei einer Aenderung der Bemessungsgrundlage?","§ 16 UStG verlangt eine Korrektur der Umsatzsteuer und spiegelbildlich auch des Vorsteuerabzugs, wenn sich das Entgelt nachtraeglich aendert. Damit bleibt die Steuerbelastung an die tatsaechliche wirtschaftliche Gegenleistung angepasst.","https://www.ris.bka.gv.at/NormDokument.wxe?Abfrage=Bundesnormen&Gesetzesnummer=10004873&Paragraf=16"
TRAIN-TAX-069,"Was bedeutet Istbesteuerung nach § 17 UStG?","§ 17 UStG laesst fuer bestimmte Unternehmer die Berechnung der Umsatzsteuer nach vereinnahmten Entgelten zu. Die Steuerschuld knuepft dann nicht schon an die Rechnung oder Leistungsausfuehrung an, sondern staerker an den Zahlungseingang.","https://www.ris.bka.gv.at/NormDokument.wxe?Abfrage=Bundesnormen&Gesetzesnummer=10004873&Paragraf=17"
TRAIN-TAX-070,"Welche Aufzeichnungen fordert § 18 UStG?","§ 18 UStG verpflichtet Unternehmer zur Fuehrung von Aufzeichnungen, die die Steuer und ihre Berechnungsgrundlagen nachvollziehbar machen. Die Dokumentation ist damit ein zentrales Element fuer richtige Selbstberechnung und Kontrolle.","https://www.ris.bka.gv.at/NormDokument.wxe?Abfrage=Bundesnormen&Gesetzesnummer=10004873&Paragraf=18"
TRAIN-TAX-071,"Wer ist nach § 19 UStG Steuerschuldner und wann entsteht die Steuerschuld?","§ 19 UStG bestimmt grundsaetzlich den Unternehmer als Steuerschuldner fuer steuerbare Umsaetze. Daneben regelt die Vorschrift Sonderfaelle, etwa den Uebergang der Steuerschuld auf den Leistungsempfaenger und besondere Entstehungszeitpunkte.","https://www.ris.bka.gv.at/NormDokument.wxe?Abfrage=Bundesnormen&Gesetzesnummer=10004873&Paragraf=19"
TRAIN-TAX-072,"Was regelt § 20 UStG zum Veranlagungszeitraum?","§ 20 UStG beschreibt, wie die Steuer fuer einen Veranlagungszeitraum zusammenzufassen und zu berechnen ist. Ausgangspunkt ist die Summe jener Umsaetze, fuer die die Steuerschuld im Zeitraum entstanden ist.","https://www.ris.bka.gv.at/NormDokument.wxe?Abfrage=Bundesnormen&Gesetzesnummer=10004873&Paragraf=20"
TRAIN-TAX-073,"Wann sind Voranmeldung und Vorauszahlung nach § 21 UStG einzureichen?","§ 21 UStG regelt die periodische Umsatzsteuervoranmeldung und die dazugehoerige Vorauszahlung beziehungsweise den Ueberschuss. Massgeblich ist der gesetzliche Faelligkeitstag des zweitfolgenden Monats nach dem Voranmeldungszeitraum.","https://www.ris.bka.gv.at/NormDokument.wxe?Abfrage=Bundesnormen&Gesetzesnummer=10004873&Paragraf=21"
TRAIN-TAX-074,"Wie werden land- und forstwirtschaftliche Betriebe nach § 22 UStG besteuert?","§ 22 UStG enthaelt fuer bestimmte land- und forstwirtschaftliche Betriebe eine Sonderregelung mit pauschalierter Umsatzsteuer. Die Norm soll das Besteuerungsverfahren fuer diese Betriebe vereinfachen.","https://www.ris.bka.gv.at/NormDokument.wxe?Abfrage=Bundesnormen&Gesetzesnummer=10004873&Paragraf=22"
TRAIN-TAX-075,"Wie behandelt § 23 UStG Reiseleistungen?","§ 23 UStG ordnet fuer Reiseleistungen unter bestimmten Voraussetzungen eine besondere umsatzsteuerliche Behandlung an. Die Leistung des Unternehmers wird dabei typischerweise als einheitliche sonstige Leistung behandelt und nach besonderen Marge-Regeln besteuert.","https://www.ris.bka.gv.at/NormDokument.wxe?Abfrage=Bundesnormen&Gesetzesnummer=10004873&Paragraf=23"
TRAIN-TAX-076,"Was ist die Differenzbesteuerung nach § 24 UStG?","§ 24 UStG erlaubt fuer bestimmte gebrauchte Gegenstaende, Kunstgegenstaende, Sammlungsstuecke oder Antiquitaeten eine Besteuerung nur der Handelsspanne. Dadurch wird nicht der volle Verkaufspreis, sondern die Differenz zwischen Einkaufs- und Verkaufspreis in den Mittelpunkt gestellt.","https://www.ris.bka.gv.at/NormDokument.wxe?Abfrage=Bundesnormen&Gesetzesnummer=10004873&Paragraf=24"
TRAIN-TAX-077,"Wozu dienen die besonderen Besteuerungsformen des § 25 UStG?","§ 25 UStG ermaechtigt zu vereinfachenden Durchschnittssaetzen fuer bestimmte Unternehmergruppen mit aehnlichen Verhaeltnissen. Die Norm soll Verwaltungsaufwand reduzieren, ohne fuer jeden Einzelfall eine vollstaendige Detailberechnung zu verlangen.","https://www.ris.bka.gv.at/NormDokument.wxe?Abfrage=Bundesnormen&Gesetzesnummer=10004873&Paragraf=25"
TRAIN-TAX-078,"Welche Funktion haben die besonderen Aufsichtsmassnahmen des § 27 UStG?","§ 27 UStG dient der Sicherung des Steueranspruchs. Die Vorschrift erweitert in bestimmten risikobehafteten Faellen die Verantwortung oder Haftung von Beteiligten, wenn nicht mit ausreichender Sorgfalt auf die steuerliche Zuverlaessigkeit des Steuerpflichtigen geachtet wird.","https://www.ris.bka.gv.at/NormDokument.wxe?Abfrage=Bundesnormen&Gesetzesnummer=10004873&Paragraf=27"
TRAIN-TAX-079,"Wann entsteht nach § 4 BAO der Abgabenanspruch?","§ 4 BAO knuepft die Entstehung des Abgabenanspruchs an die Verwirklichung des gesetzlichen Tatbestands. Erst wenn der steuerbegruendende Sachverhalt erfuellt ist, entsteht der Anspruch der Abgabenbehoerde.","https://www.ris.bka.gv.at/NormDokument.wxe?Abfrage=Bundesnormen&Gesetzesnummer=10003940&Paragraf=4"
TRAIN-TAX-080,"Wer entscheidet nach § 52 BAO einen Zustaendigkeitsstreit zwischen Bundesabgabenbehoerden?","§ 52 BAO ordnet fuer Zustaendigkeitsstreitigkeiten zwischen Bundesabgabenbehoerden eine Entscheidungszustaendigkeit des Bundesministers fuer Finanzen an. Die Norm schafft damit eine klare verfahrensrechtliche Konfliktloesung.","https://www.ris.bka.gv.at/NormDokument.wxe?Abfrage=Bundesnormen&Gesetzesnummer=10003940&Paragraf=52"
TRAIN-TAX-081,"Wann muessen Erledigungen nach § 92 BAO als Bescheid ergehen?","§ 92 BAO verlangt die Bescheidform insbesondere dann, wenn fuer bestimmte Personen Rechte oder Pflichten begruendet, geaendert oder aufgehoben werden oder rechtserhebliche Tatsachen festgestellt werden. Nicht jede behordliche Aeusserung ist daher automatisch ein Bescheid.","https://www.ris.bka.gv.at/NormDokument.wxe?Abfrage=Bundesnormen&Gesetzesnummer=10003940&Paragraf=92"
TRAIN-TAX-082,"Welche formalen Anforderungen gelten nach § 93 BAO fuer schriftliche Bescheide?","§ 93 BAO regelt die grundlegenden Formerfordernisse schriftlicher Bescheide. Dazu gehoeren insbesondere die notwendige Bezeichnung als Bescheid, bestimmte Inhaltselemente und die gesetzlich vorgesehene Art der Bekanntgabe.","https://www.ris.bka.gv.at/NormDokument.wxe?Abfrage=Bundesnormen&Gesetzesnummer=10003940&Paragraf=93"
TRAIN-TAX-083,"Welche Grundpflicht trifft die Abgabenbehoerden nach § 114 BAO?","§ 114 BAO verpflichtet die Behoerden zu gleichmaessiger und gesetzmaessiger Erhebung der Abgaben. Sie sollen darauf achten, dass Abgabepflichtige erfasst werden und Abgaben nicht zu Unrecht verkuerzt oder ueberhoeht festgesetzt werden.","https://www.ris.bka.gv.at/NormDokument.wxe?Abfrage=Bundesnormen&Gesetzesnummer=10003940&Paragraf=114"
TRAIN-TAX-084,"Was bedeutet die amtswegige Ermittlung nach § 115 BAO?","§ 115 BAO verpflichtet die Abgabenbehoerde, die fuer die Abgabenpflicht wesentlichen tatsaechlichen und rechtlichen Verhaeltnisse von Amts wegen zu ermitteln. Die Mitwirkungspflicht des Steuerpflichtigen bleibt daneben bestehen und kann bei Auslandssachverhalten sogar erhoeht sein.","https://www.ris.bka.gv.at/NormDokument.wxe?Abfrage=Bundesnormen&Gesetzesnummer=10003940&Paragraf=115"
TRAIN-TAX-085,"Was verlangt die Offenlegungs- und Wahrheitspflicht des § 119 BAO?","§ 119 BAO verpflichtet den Abgabepflichtigen, alle fuer den Bestand oder Umfang der Abgabepflicht relevanten Umstaende vollstaendig und wahrheitsgemaess offenzulegen. Erfuellt wird diese Pflicht vor allem durch Erklaerungen, Anzeigen und sonstige verfahrensrelevante Anbringen.","https://www.ris.bka.gv.at/NormDokument.wxe?Abfrage=Bundesnormen&Gesetzesnummer=10003940&Paragraf=119"
TRAIN-TAX-086,"Welche Anzeigepflichten nennt § 120 BAO?","§ 120 BAO verpflichtet Abgabepflichtige dazu, Umstaende anzuzeigen, die eine persoenliche Abgabepflicht begruenden, aendern oder beenden. Auch der Wegfall von Voraussetzungen fuer eine Steuerbefreiung ist der Behoerde mitzuteilen.","https://www.ris.bka.gv.at/NormDokument.wxe?Abfrage=Bundesnormen&Gesetzesnummer=10003940&Paragraf=120"
TRAIN-TAX-087,"Welche Bedeutung hat § 124 BAO fuer Buecher und Aufzeichnungen?","§ 124 BAO stellt klar, dass handels- oder spezialgesetzliche Buchfuehrungs- und Aufzeichnungspflichten auch im Interesse der Abgabenerhebung einzuhalten sind. Die Vorschrift verbindet also aussersteuerliche Dokumentationspflichten mit dem Steuerverfahren.","https://www.ris.bka.gv.at/NormDokument.wxe?Abfrage=Bundesnormen&Gesetzesnummer=10003940&Paragraf=124"
TRAIN-TAX-088,"Welche Grundsaetze gelten nach § 131 BAO fuer Buecher und Aufzeichnungen?","§ 131 BAO enthaelt zentrale Ordnungsvorschriften fuer Buecher und Aufzeichnungen. Sie muessen so gefuehrt werden, dass die Geschaeftsfaelle und die fuer die Besteuerung wichtigen Daten nachvollziehbar, vollstaendig und verlaesslich dokumentiert sind.","https://www.ris.bka.gv.at/NormDokument.wxe?Abfrage=Bundesnormen&Gesetzesnummer=10003940&Paragraf=131"
TRAIN-TAX-089,"Wann muss ein Abgabepflichtiger nach § 138 BAO Angaben erlaeutern oder beweisen?","§ 138 BAO greift, wenn die Behoerde zur Beseitigung von Zweifeln weitere Erklaerungen oder Nachweise verlangt. Kann ein strenger Beweis im Einzelfall nicht zugemutet werden, genuegt unter den gesetzlichen Voraussetzungen auch die Glaubhaftmachung.","https://www.ris.bka.gv.at/NormDokument.wxe?Abfrage=Bundesnormen&Gesetzesnummer=10003940&Paragraf=138"
TRAIN-TAX-090,"Was verlangt § 139 BAO bei nachtraeglich erkannten Fehlern in Erklaerungen?","§ 139 BAO verpflichtet zur unverzueglichen Anzeige, wenn ein Steuerpflichtiger noch vor Ablauf der Verjaehrungsfrist erkennt, dass seine Erklaerung unvollstaendig oder unrichtig war und dies zu einer Abgabenverkuerzung fuehren kann. Die Vorschrift staerkt damit die nachtraegliche Offenlegungspflicht.","https://www.ris.bka.gv.at/NormDokument.wxe?Abfrage=Bundesnormen&Gesetzesnummer=10003940&Paragraf=139"
TRAIN-TAX-091,"Welche Auskunftsbefugnis gibt § 143 BAO der Abgabenbehoerde?","§ 143 BAO berechtigt die Abgabenbehoerde, Auskuenfte ueber alle fuer die Abgabenerhebung massgebenden Tatsachen zu verlangen. Diese Pflicht kann grundsaetzlich jedermann treffen und ist nicht auf den unmittelbar betroffenen Steuerpflichtigen beschraenkt.","https://www.ris.bka.gv.at/NormDokument.wxe?Abfrage=Bundesnormen&Gesetzesnummer=10003940&Paragraf=143"
TRAIN-TAX-092,"Was passiert nach § 161 BAO bei der Pruefung von Abgabenerklaerungen?","§ 161 BAO verpflichtet die Behoerde zur Pruefung eingereichter Abgabenerklaerungen. Wenn Angaben unvollstaendig sind oder Zweifel bestehen, kann sie Ergaenzungen und Klarstellungen verlangen.","https://www.ris.bka.gv.at/NormDokument.wxe?Abfrage=Bundesnormen&Gesetzesnummer=10003940&Paragraf=161"
TRAIN-TAX-093,"Wie funktioniert die freie Beweiswuerdigung nach § 167 BAO?","§ 167 BAO erlaubt der Abgabenbehoerde, den Sachverhalt nach freier Ueberzeugung zu beurteilen, soweit keine gesetzlichen Beweisregeln entgegenstehen. Offenkundige Tatsachen oder gesetzliche Vermutungen muessen dabei nicht eigens bewiesen werden.","https://www.ris.bka.gv.at/NormDokument.wxe?Abfrage=Bundesnormen&Gesetzesnummer=10003940&Paragraf=167"
TRAIN-TAX-094,"Wann darf die Behoerde nach § 184 BAO schaetzen?","§ 184 BAO erlaubt eine Schaetzung, wenn die Besteuerungsgrundlagen nicht ermittelt oder berechnet werden koennen. Typische Anlaesse sind fehlende Aufzeichnungen, unzureichende Mitwirkung oder sachlich nicht nachvollziehbare Angaben.","https://www.ris.bka.gv.at/NormDokument.wxe?Abfrage=Bundesnormen&Gesetzesnummer=10003940&Paragraf=184"
TRAIN-TAX-095,"Wann sind Einkuenfte nach § 188 BAO gesondert festzustellen?","§ 188 BAO ordnet eine gesonderte und einheitliche Feststellung an, wenn an denselben Einkuenften mehr als eine Person beteiligt ist. Das betrifft insbesondere gemeinschaftlich erzielte Einkuenfte aus Betrieb oder Vermietung.","https://www.ris.bka.gv.at/NormDokument.wxe?Abfrage=Bundesnormen&Gesetzesnummer=10003940&Paragraf=188"
TRAIN-TAX-096,"Wie lang ist die Verjaehrungsfrist nach § 207 BAO grundsaetzlich?","§ 207 BAO stellt klar, dass das Recht zur Abgabenfestsetzung verjaehrt. Fuer die meisten Abgaben gilt grundsaetzlich eine fuenfjaehrige Frist, waehrend fuer einzelne Sonderfaelle kuerzere oder laengere Fristen vorgesehen sind.","https://www.ris.bka.gv.at/NormDokument.wxe?Abfrage=Bundesnormen&Gesetzesnummer=10003940&Paragraf=207"
TRAIN-TAX-097,"Wann beginnt die Verjaehrung nach § 208 BAO?","§ 208 BAO bestimmt den Beginn der Verjaehrung regelmaessig mit Ablauf des Jahres, in dem der Abgabenanspruch entstanden ist. Fuer bestimmte Sonderfaelle sieht die Norm jedoch abweichende Startzeitpunkte vor.","https://www.ris.bka.gv.at/NormDokument.wxe?Abfrage=Bundesnormen&Gesetzesnummer=10003940&Paragraf=208"
TRAIN-TAX-098,"Wann sind Stundung oder Ratenzahlung nach § 212 BAO moeglich?","§ 212 BAO ermoeglicht auf Antrag eine Stundung oder Ratenbewilligung, wenn die sofortige volle Entrichtung fuer den Abgabepflichtigen mit erheblichen Haerten verbunden waere und die Einbringlichkeit nicht gefaehrdet ist. Die Entscheidung steht im behordlichen Ermessen.","https://www.ris.bka.gv.at/NormDokument.wxe?Abfrage=Bundesnormen&Gesetzesnummer=10003940&Paragraf=212"
TRAIN-TAX-099,"Wann kommt eine Nachsicht nach § 236 BAO in Betracht?","§ 236 BAO erlaubt die ganz oder teilweise Nachsicht faelliger Abgabenschuldigkeiten, wenn ihre Einhebung nach der Lage des Falles unbillig waere. Die Vorschrift ist eine Billigkeitsregel und greift nicht automatisch, sondern nur auf Antrag und nach Einzelfallpruefung.","https://www.ris.bka.gv.at/NormDokument.wxe?Abfrage=Bundesnormen&Gesetzesnummer=10003940&Paragraf=236"
TRAIN-TAX-100,"Wie lang ist die Beschwerdefrist nach § 245 BAO?","§ 245 BAO sieht fuer die Einbringung einer Bescheidbeschwerde grundsaetzlich eine Frist von einem Monat vor. Bestimmte Besonderheiten, etwa eine angekuendigte spaetere Begruendung, koennen den Beginn des Fristenlaufs beeinflussen.","https://www.ris.bka.gv.at/NormDokument.wxe?Abfrage=Bundesnormen&Gesetzesnummer=10003940&Paragraf=245"
